,ItalyPowerDemand,SonyAIBORobotSurface
0,0.947521865889,0.890183028286
1,0.936831875607,0.940099833611
2,0.945578231293,0.96006655574
3,0.935860058309,0.91846921797
4,0.945578231293,0.91846921797
5,0.947521865889,0.840266222962
6,0.948493683188,0.905158069884
7,0.942662779397,0.955074875208
8,0.936831875607,0.930116472546
9,0.938775510204,0.951747088186
